{
  "C": 0.1,
  "n_train": 464,
  "n_val": 130,
  "val_accuracy_pct": 73.07692307692307,
  "f1_score": 0.7154471544715447,
  "auroc_score": 0.8063905325443786,
  "confusion_matrix": [
    [
      51,
      14
    ],
    [
      21,
      44
    ]
  ],
  "cosine_to_caa_train": 0.3425285220146179,
  "weight_norm": 2.629551887512207,
  "sha256_16": "b8af60eca6512a61"
}