{
  "C": 1.0,
  "n_train": 464,
  "n_val": 130,
  "val_accuracy_pct": 74.61538461538461,
  "f1_score": 0.7317073170731707,
  "auroc_score": 0.8021301775147929,
  "confusion_matrix": [
    [
      52,
      13
    ],
    [
      20,
      45
    ]
  ],
  "cosine_to_caa_train": 0.3073577284812927,
  "weight_norm": 4.919698715209961,
  "sha256_16": "ac8c6935e70c2a55"
}