{
  "C": 0.01,
  "n_train": 464,
  "n_val": 130,
  "val_accuracy_pct": 72.3076923076923,
  "f1_score": 0.7142857142857143,
  "auroc_score": 0.8101775147928995,
  "confusion_matrix": [
    [
      49,
      16
    ],
    [
      20,
      45
    ]
  ],
  "cosine_to_caa_train": 0.4759502410888672,
  "weight_norm": 0.9212079048156738,
  "sha256_16": "838ebcf3d7260273"
}