{
  "C": 1.0,
  "solver": "saga",
  "standardize": true,
  "n_train": 464,
  "n_val": 130,
  "val_accuracy_pct": 70.0,
  "f1_score": 0.7022900763358778,
  "auroc_score": 0.7760946745562131,
  "confusion_matrix": [
    [
      45,
      20
    ],
    [
      19,
      46
    ]
  ],
  "cosine_to_caa_train": 0.29500237107276917,
  "weight_norm": 4.337327480316162,
  "sha256_16": "4ab08b830fb97848"
}