{
  "layer": 14,
  "C_grid": [
    0.001,
    0.01,
    0.1,
    1.0
  ],
  "results": {
    "0.001": {
      "C": 0.001,
      "n_train": 464,
      "n_val": 130,
      "val_accuracy_pct": 72.3076923076923,
      "f1_score": 0.7049180327868853,
      "auroc_score": 0.7884023668639053,
      "confusion_matrix": [
        [
          51,
          14
        ],
        [
          22,
          43
        ]
      ],
      "cosine_to_caa_train": 0.7724528312683105,
      "weight_norm": 0.23470263183116913,
      "sha256_16": "5807893c38e17f49"
    },
    "0.01": {
      "C": 0.01,
      "n_train": 464,
      "n_val": 130,
      "val_accuracy_pct": 72.3076923076923,
      "f1_score": 0.7142857142857143,
      "auroc_score": 0.8101775147928995,
      "confusion_matrix": [
        [
          49,
          16
        ],
        [
          20,
          45
        ]
      ],
      "cosine_to_caa_train": 0.4759502410888672,
      "weight_norm": 0.9212079048156738,
      "sha256_16": "838ebcf3d7260273"
    },
    "0.1": {
      "C": 0.1,
      "n_train": 464,
      "n_val": 130,
      "val_accuracy_pct": 73.07692307692307,
      "f1_score": 0.7154471544715447,
      "auroc_score": 0.8063905325443786,
      "confusion_matrix": [
        [
          51,
          14
        ],
        [
          21,
          44
        ]
      ],
      "cosine_to_caa_train": 0.3425285220146179,
      "weight_norm": 2.629551887512207,
      "sha256_16": "b8af60eca6512a61"
    },
    "1.0": {
      "C": 1.0,
      "n_train": 464,
      "n_val": 130,
      "val_accuracy_pct": 74.61538461538461,
      "f1_score": 0.7317073170731707,
      "auroc_score": 0.8021301775147929,
      "confusion_matrix": [
        [
          52,
          13
        ],
        [
          20,
          45
        ]
      ],
      "cosine_to_caa_train": 0.3073577284812927,
      "weight_norm": 4.919698715209961,
      "sha256_16": "ac8c6935e70c2a55"
    }
  },
  "best_by_accuracy": 1.0,
  "best_by_cosine": 0.001
}