{
  "C": 0.001,
  "n_train": 464,
  "n_val": 130,
  "val_accuracy_pct": 72.3076923076923,
  "f1_score": 0.7049180327868853,
  "auroc_score": 0.7884023668639053,
  "confusion_matrix": [
    [
      51,
      14
    ],
    [
      22,
      43
    ]
  ],
  "cosine_to_caa_train": 0.7724528312683105,
  "weight_norm": 0.23470263183116913,
  "sha256_16": "5807893c38e17f49"
}